"0","##Análisis de la correlación."
"0","##Se evaluó la correlación entre los datos procedentes de los mismos individuos a distintos tiempos (sesiones) para poder informar estructuras de agregamiento cuando el modelo estadístico propuesto lo requiera."
"0","##convertimos a formato wide (cada sesion en una columna distinta)"
"0","library(reshape2)"
"0","DatosExt_wide <- dcast(DatosExt,Ratón  + Genotipo  ~ Sesion, value.var=""Tfreezing"")"
"0","View(DatosExt_wide)"
"0","DatosExtSesiones<-DatosExt_wide[,3:5] #me quedol solo con los t de freezing de las 3 sesiones"
