"0","```r
ggplot(vad_14_240, aes(date_time, ht)) + 
  geom_contour(aes(z = spd, color = ..level..), binwidth = 1) +
  scale_color_distiller(name = \"Velocidad\", type = \"seq\", palette = 8, direction = 1) + 
  geom_point(data = subset(vad_14_240, rmse > 0.5), aes(size = rmse), shape = 1, color = \"black\") +
  geom_point(data = subset(vad_14_240, rmse2 > 0.5), aes(size = rmse2), shape = 4, color = \"grey25\") +
  ylim(c(0,2)) + 
  xlab(\"Tiempo\") + 
  ylab(\"Altura (km)\") + 
  theme_minimal()
```"
