"0","##Variable respuesta: cuantitativa continua con posible distribución de probabilidades normal. "
"0","    ##1. Tiempo de freezing (s): Es el tiempo durante el cual el animal permanece inmóvil exceptuando por el movimiento debido a la respiración."
"0","##Variables explicatorias: categóricas."
"0","    ##1. De efectos fijos (cruzadas entre sí)."
"0","        ##1.1 Genotipo."
"0","        ##1.2 Sesión."
"0","    ##2. De efectos aleatorios: "
"0","        ##2.1 Ratón (anidado en Jaula y en el tratamiento resultante de la combinatoria entre el Genotipo y la Sesión)."
"0","        ##2.2 Jaula."
