{"chunk_definitions":[{"chunk_id":"crzk9s9nbqo6f","expansion_state":0,"options":[],"row":17,"row_count":1,"visible":true},{"chunk_id":"cixiqc3a6ejab","expansion_state":0,"options":[],"row":49,"row_count":1,"visible":true},{"chunk_id":"cgsgejhnhxw74","expansion_state":0,"options":[],"row":70,"row_count":1,"visible":true},{"chunk_id":"ckdeyvvwwqsf7","expansion_state":0,"options":[],"row":77,"row_count":1,"visible":true},{"chunk_id":"ct1dev8gw51qq","expansion_state":0,"options":[],"row":85,"row_count":1,"visible":true},{"chunk_id":"cd56q7w3wfl4q","expansion_state":0,"options":[],"row":93,"row_count":1,"visible":true},{"chunk_id":"c6dnkmf14fov9","expansion_state":0,"options":[],"row":118,"row_count":1,"visible":true},{"chunk_id":"cwl6sfhy7460u","expansion_state":0,"options":[],"row":135,"row_count":1,"visible":true},{"chunk_id":"c50quvzypg129","expansion_state":0,"options":[],"row":164,"row_count":1,"visible":true},{"chunk_id":"cexb2zrved0hr","expansion_state":0,"options":[],"row":183,"row_count":1,"visible":true},{"chunk_id":"cfhp82bqfgemq","expansion_state":0,"options":[],"row":225,"row_count":1,"visible":true},{"chunk_id":"cq624xdh27xwg","expansion_state":0,"options":[],"row":240,"row_count":1,"visible":true}],"doc_write_time":1498832078.10496}
