"0","```r
ggplot(subset(vad_14_240, minute(date_time) == 0), aes(date_time, ht)) + 
  geom_arrow(aes(mag = spd, angle = di, color = spd)) +
  geom_point(data = subset(temp, rmse > 0.5), aes(size = rmse), shape = 1, color = \"black\") +
  geom_point(data = subset(temp, rmse2 > 0.5), aes(size = rmse2), shape = 4, color = \"grey25\") +
  scale_size_continuous(range = c(0, 5), guide = \"none\") +
  scale_color_distiller(palette = \"Oranges\", name=\"Velocidad\", direction = 1) +
  xlab(\"Tiempo (hora UTC)\") + ylab(\"Altura (km)\") +
  ylim(c(0,2)) + 
  scale_x_datetime(date_breaks = \"2 hour\", date_labels = \"%H z\") +
  theme_minimal() 

```"
