"0","## Selección de modelo: ANOVA entre modelos anidados"
"0","anova(Modelo6, Modelo7)"
"1","       "
"1"," Model"
"1"," df"
"1","      AIC"
"1","      BIC"
"1","    logLik"
"1","   Test"
"1","     L.Ratio"
"1"," p-value"
"1","
Modelo6"
"1","     1"
"1"," 10"
"1"," 275.8934"
"1"," 289.9054"
"1"," -127.9467"
"1","       "
"1","            "
"1","        "
"1","
Modelo7"
"1","     2"
"1"," 11"
"1"," 277.8934"
"1"," 293.3066"
"1"," -127.9467"
"1"," 1 vs 2"
"1"," 3.42755e-08"
"1","  0.9999"
"1","
"
"0","##No hay diferencias significativas entre ambos modelos con lo cual nos quedamos con el más parsimonioso, es decir, el que incluye menos factores aleatorios. "
