"0","#Pido que tome a la sesión, la jaula y el ratón como variables categóricas y al tiempo de freezing como variable cuantitativa. "
"0","DatosExt$Sesion <- factor(DatosExt$Sesion)"
"0","DatosExt$Jaula <- factor(DatosExt$Jaula)"
"0","DatosExt$Ratón <- factor(DatosExt$Ratón)"
"0","DatosExt$Tfreezing <- as.numeric(as.character(DatosExt$Tfreezing))"
"0","# Ordeno los niveles (para que wt vaya a la intercept)"
"0","DatosExt$Genotipo<-factor(DatosExt$Genotipo,levels=c(""wt"",""ko""))"
"0","# Ordeno los niveles (para que la sesion 1 vaya a la intercept)"
"0","DatosExt$Sesion<-factor(DatosExt$Sesion,levels=c(""1"",""2"", ""3""))"
