{"chunk_definitions":[{"chunk_id":"cdya6b14ypr5v","chunk_label":"Inicio","document_id":"D19499AE","expansion_state":0,"options":{"engine":"r","include":false,"label":"Inicio"},"row":13,"row_count":1,"visible":true},{"chunk_id":"c7ohe1ku1irc3","chunk_label":"Inicio2","document_id":"D19499AE","expansion_state":0,"options":{"engine":"r","include":false,"label":"Inicio2"},"row":18,"row_count":1,"visible":true},{"chunk_id":"c1aj8ritibma5","chunk_label":"Datos","document_id":"D19499AE","expansion_state":0,"options":{"echo":false,"engine":"r","include":false,"label":"Datos"},"row":53,"row_count":1,"visible":true},{"chunk_id":"cb1dugo1ys0qb","chunk_label":"Variables","document_id":"D19499AE","expansion_state":0,"options":{"echo":false,"engine":"r","include":false,"label":"Variables"},"row":67,"row_count":1,"visible":true},{"chunk_id":"crojwcax11jwx","chunk_label":"Formato Variables","document_id":"D19499AE","expansion_state":0,"options":{"echo":false,"engine":"r","include":false,"label":"Formato Variables"},"row":81,"row_count":1,"visible":true},{"chunk_id":"cyr9qkdls8p5u","chunk_label":"Estadística Descriptiva","document_id":"D19499AE","expansion_state":0,"options":{"echo":false,"engine":"r","label":"Estadística Descriptiva","message":false,"results":"hide","warning":false},"row":92,"row_count":1,"visible":true},{"chunk_id":"crwql43ldoits","chunk_label":"Estadística Descriptiva 2","document_id":"D19499AE","expansion_state":0,"options":{"echo":false,"engine":"r","label":"Estadística Descriptiva 2","message":false,"results":"hide","warning":false},"row":101,"row_count":1,"visible":true},{"chunk_id":"cbsgltaxw1vi8","chunk_label":"Estadística Descriptiva 3","document_id":"D19499AE","expansion_state":0,"options":{"echo":false,"engine":"r","label":"Estadística Descriptiva 3","message":false,"results":"hide","warning":false},"row":111,"row_count":1,"visible":true},{"chunk_id":"cowmmhr0cc2jo","chunk_label":"Gráfico 1","document_id":"D19499AE","expansion_state":0,"options":{"echo":false,"engine":"r","fig.show":"hide","label":"Gráfico 1","message":false,"warning":false},"row":131,"row_count":1,"visible":true},{"chunk_id":"c90ft6h6pj3jg","chunk_label":"Gráfico 2","document_id":"D19499AE","expansion_state":0,"options":{"echo":false,"engine":"r","fig.cap":"Figura 2: Gráfico de perfiles de Tiempo de freezing (s) vs Sesión, Se informa el valor medio del Tiempo de freezing para cada genotipo en cada sesión (n (wt) = 5; n (ko) = 7) ","label":"Gráfico 2","message":false,"warning":false},"row":144,"row_count":1,"visible":true},{"chunk_id":"cm23cmaoxsbo4","chunk_label":"Gráfico 3","document_id":"D19499AE","expansion_state":0,"options":{"echo":false,"engine":"r","fig.cap":"Figura 3: Boxplot de Tiempo de freezing (s) vs Sesión por genotipo (n (wt) = 5; n (ko) = 7). ","label":"Gráfico 3","message":false,"warning":false},"row":155,"row_count":1,"visible":true},{"chunk_id":"clxcjxcuyjy6o","chunk_label":"Conversión a formato wide","document_id":"D19499AE","expansion_state":0,"options":{"cache":true,"echo":false,"engine":"r","label":"Conversión a formato wide","message":false,"results":"hide","warning":false},"row":170,"row_count":1,"visible":true},{"chunk_id":"ctsjx8vjwi5rh","chunk_label":"Cambio de nombre de variables","document_id":"D19499AE","expansion_state":0,"options":{"cache":true,"echo":false,"engine":"r","label":"Cambio de nombre de variables","message":false},"row":178,"row_count":1,"visible":true},{"chunk_id":"cws75b5kah54a","chunk_label":"Estudio de las correlaciones","document_id":"D19499AE","expansion_state":0,"options":{"cache":true,"echo":false,"engine":"r","fig.cap":"Figura 4: Matriz de gráficos de correlación de la variable respuesta entre sesiones","fig.show":"hide","label":"Estudio de las correlaciones","message":false,"warning":false},"row":184,"row_count":1,"visible":true},{"chunk_id":"c04zszqczgwnz","chunk_label":"Estudio de las correlaciones 2","document_id":"D19499AE","expansion_state":0,"options":{"cache":true,"echo":false,"engine":"r","fig.show":"hide","label":"Estudio de las correlaciones 2","message":false,"warning":false},"row":193,"row_count":1,"visible":true},{"chunk_id":"cm49fcmxkkcg8","chunk_label":"Modelo 1","document_id":"D19499AE","expansion_state":0,"options":{"echo":false,"engine":"r","label":"Modelo 1","message":false,"warning":false},"row":206,"row_count":1,"visible":true},{"chunk_id":"ced75o8s6khkx","chunk_label":"Modelo 2","document_id":"D19499AE","expansion_state":0,"options":{"echo":false,"engine":"r","label":"Modelo 2","message":false,"warning":false},"row":216,"row_count":1,"visible":true},{"chunk_id":"ckuesw96vdshm","chunk_label":"Modelo 3","document_id":"D19499AE","expansion_state":0,"options":{"echo":false,"engine":"r","label":"Modelo 3","message":false,"warning":false},"row":228,"row_count":1,"visible":true},{"chunk_id":"cvgd21ot9bibc","chunk_label":"Modelo 4","document_id":"D19499AE","expansion_state":0,"options":{"echo":false,"engine":"r","label":"Modelo 4","message":false,"warning":false},"row":240,"row_count":1,"visible":true},{"chunk_id":"ct3igzn8fpp4e","chunk_label":"Modelo 5","document_id":"D19499AE","expansion_state":0,"options":{"echo":false,"engine":"r","label":"Modelo 5","message":false,"warning":false},"row":252,"row_count":1,"visible":true},{"chunk_id":"cb0sdexm8ldua","chunk_label":"Modelo 6","document_id":"D19499AE","expansion_state":0,"options":{"echo":false,"engine":"r","label":"Modelo 6","message":false,"warning":false},"row":265,"row_count":1,"visible":true},{"chunk_id":"cpeojy9u7mhik","chunk_label":"Modelo 7","document_id":"D19499AE","expansion_state":0,"options":{"echo":false,"engine":"r","label":"Modelo 7","message":false,"warning":false},"row":279,"row_count":1,"visible":true},{"chunk_id":"c9x6t5osn2fyz","chunk_label":"Elección de modelo AIC","document_id":"D19499AE","expansion_state":0,"options":{"echo":false,"engine":"r","label":"Elección de modelo AIC","message":false,"results":"hide","warning":false},"row":289,"row_count":1,"visible":true},{"chunk_id":"cg16364y8x7k2","chunk_label":"Elección de modelo ANOVA","document_id":"D19499AE","expansion_state":0,"options":{"echo":false,"engine":"r","label":"Elección de modelo ANOVA","message":false,"results":"hide","warning":false},"row":296,"row_count":1,"visible":true},{"chunk_id":"c23m5my6sdo5l","chunk_label":"Homocedasticidad","document_id":"D19499AE","expansion_state":0,"options":{"echo":false,"engine":"r","fig.show":"hide","label":"Homocedasticidad","message":false,"warning":false},"row":307,"row_count":1,"visible":true},{"chunk_id":"c0olwfiktyr2v","chunk_label":"Outliers","document_id":"D19499AE","expansion_state":0,"options":{"echo":false,"engine":"r","fig.show":"hide","label":"Outliers","message":false,"warning":false},"row":315,"row_count":1,"visible":true},{"chunk_id":"cqz1kxwopyahy","chunk_label":"Normalidad","document_id":"D19499AE","expansion_state":0,"options":{"echo":false,"engine":"r","fig.show":"hide","label":"Normalidad","message":false,"results":"hide","warning":false},"row":326,"row_count":1,"visible":true},{"chunk_id":"ctyiq8q7xtu9r","chunk_label":"Coeficientes","document_id":"D19499AE","expansion_state":0,"options":{"echo":false,"engine":"r","label":"Coeficientes","message":false,"results":"hide","warning":false},"row":337,"row_count":1,"visible":true},{"chunk_id":"cq0rielxo2zdz","chunk_label":"Efectos principales","document_id":"D19499AE","expansion_state":0,"options":{"echo":false,"engine":"r","label":"Efectos principales","message":false,"results":"hide","warning":false},"row":363,"row_count":1,"visible":true},{"chunk_id":"csbqnhvgwx1zv","chunk_label":"Efectos principales 2","document_id":"D19499AE","expansion_state":0,"options":{"echo":false,"engine":"r","fig.cap":"Figura 4: Valor medio del tiempo de freezing (s) en funcion de la sesión de extinción. Efecto significativo de la sesión, p-valor < 0,05. La segunda y tercera sesion de extincion reducen el tiempo de freezing respecto a la sesion inicial entre 17,6 y 79,9 s y entre 36,4 y 95,3 s respectivamente, con un 95% de confianza. Además, con el mismo nivel de confianza, no hay reducción significativa de la segunda a la tercera sesión.","label":"Efectos principales 2","message":false,"warning":false},"row":372,"row_count":1,"visible":true},{"chunk_id":"cp9hqot7qevy6","chunk_label":"Validación","document_id":"D19499AE","expansion_state":0,"options":{"echo":false,"engine":"r","fig.show":"hide","label":"Validación","message":false,"results":"hide","warning":false},"row":390,"row_count":1,"visible":true}],"chunk_rendered_width":656,"doc_write_time":1511972079}